date_time,population,temp
2025-07-30 18:00:00,Ishikari,14.58335938
2025-07-30 18:00:00,Kerimai,14.58335938
2025-07-30 19:00:00,Ishikari,14.49755859
2025-07-30 19:00:00,Kerimai,14.4546582
2025-07-30 20:00:00,Ishikari,14.4546582
2025-07-30 20:00:00,Kerimai,14.4546582
2025-07-30 21:00:00,Ishikari,14.41175781
2025-07-30 21:00:00,Kerimai,14.36885742
2025-07-30 22:00:00,Ishikari,14.41175781
2025-07-30 22:00:00,Kerimai,14.36885742
2025-07-30 23:00:00,Ishikari,14.28305664
2025-07-30 23:00:00,Kerimai,14.28305664
2025-07-31 00:00:00,Ishikari,14.28305664
2025-07-31 00:00:00,Kerimai,14.28305664
2025-07-31 01:00:00,Ishikari,14.24015625
2025-07-31 01:00:00,Kerimai,14.19725586
2025-07-31 02:00:00,Ishikari,14.19725586
2025-07-31 02:00:00,Kerimai,14.11145508
2025-07-31 03:00:00,Ishikari,14.15435547
2025-07-31 03:00:00,Kerimai,13.93985352
2025-07-31 04:00:00,Ishikari,13.98275391
2025-07-31 04:00:00,Kerimai,13.93985352
2025-07-31 05:00:00,Ishikari,14.0256543
2025-07-31 05:00:00,Kerimai,13.93985352
2025-07-31 06:00:00,Ishikari,14.0256543
2025-07-31 06:00:00,Kerimai,13.89695313
2025-07-31 07:00:00,Ishikari,14.06855469
2025-07-31 07:00:00,Kerimai,13.98275391
2025-07-31 08:00:00,Ishikari,14.06855469
2025-07-31 08:00:00,Kerimai,13.98275391
2025-07-31 09:00:00,Ishikari,14.15435547
2025-07-31 09:00:00,Kerimai,13.98275391
2025-07-31 10:00:00,Ishikari,14.11145508
2025-07-31 10:00:00,Kerimai,14.0256543
2025-07-31 11:00:00,Ishikari,14.24015625
2025-07-31 11:00:00,Kerimai,14.11145508
2025-07-31 12:00:00,Ishikari,14.28305664
2025-07-31 12:00:00,Kerimai,14.19725586
2025-07-31 13:00:00,Ishikari,14.28305664
2025-07-31 13:00:00,Kerimai,14.19725586
2025-07-31 14:00:00,Ishikari,14.28305664
2025-07-31 14:00:00,Kerimai,14.19725586
2025-07-31 15:00:00,Ishikari,14.32595703
2025-07-31 15:00:00,Kerimai,14.28305664
2025-07-31 16:00:00,Ishikari,14.32595703
2025-07-31 16:00:00,Kerimai,14.24015625
2025-07-31 17:00:00,Ishikari,14.41175781
2025-07-31 17:00:00,Kerimai,14.32595703
2025-07-31 18:00:00,Ishikari,14.41175781
2025-07-31 18:00:00,Kerimai,14.32595703
2025-07-31 19:00:00,Ishikari,14.36885742
2025-07-31 19:00:00,Kerimai,14.28305664
2025-07-31 20:00:00,Ishikari,14.36885742
2025-07-31 20:00:00,Kerimai,14.24015625
2025-07-31 21:00:00,Ishikari,14.24015625
2025-07-31 21:00:00,Kerimai,14.15435547
2025-07-31 22:00:00,Ishikari,14.24015625
2025-07-31 22:00:00,Kerimai,14.11145508
2025-07-31 23:00:00,Ishikari,14.15435547
2025-07-31 23:00:00,Kerimai,14.11145508
2025-08-01 00:00:00,Ishikari,14.15435547
2025-08-01 00:00:00,Kerimai,14.0256543
2025-08-01 01:00:00,Ishikari,14.06855469
2025-08-01 01:00:00,Kerimai,13.98275391
2025-08-01 02:00:00,Ishikari,14.0256543
2025-08-01 02:00:00,Kerimai,13.89695313
2025-08-01 03:00:00,Ishikari,13.98275391
2025-08-01 03:00:00,Kerimai,13.89695313
2025-08-01 04:00:00,Ishikari,13.98275391
2025-08-01 04:00:00,Kerimai,13.85405273
2025-08-01 05:00:00,Ishikari,13.98275391
2025-08-01 05:00:00,Kerimai,13.89695313
2025-08-01 06:00:00,Ishikari,14.0256543
2025-08-01 06:00:00,Kerimai,13.98275391
2025-08-01 07:00:00,Ishikari,14.15435547
2025-08-01 07:00:00,Kerimai,14.06855469
2025-08-01 08:00:00,Ishikari,14.19725586
2025-08-01 08:00:00,Kerimai,14.15435547
2025-08-01 09:00:00,Ishikari,14.28305664
2025-08-01 09:00:00,Kerimai,14.24015625
2025-08-01 10:00:00,Ishikari,14.32595703
2025-08-01 10:00:00,Kerimai,14.19725586
2025-08-01 11:00:00,Ishikari,14.41175781
2025-08-01 11:00:00,Kerimai,14.32595703
2025-08-01 12:00:00,Ishikari,14.49755859
2025-08-01 12:00:00,Kerimai,14.41175781
2025-08-01 13:00:00,Ishikari,14.58335938
2025-08-01 13:00:00,Kerimai,14.49755859
2025-08-01 14:00:00,Ishikari,14.66916016
2025-08-01 14:00:00,Kerimai,14.54045898
2025-08-01 15:00:00,Ishikari,14.71206055
2025-08-01 15:00:00,Kerimai,14.66916016
2025-08-01 16:00:00,Ishikari,14.75496094
2025-08-01 16:00:00,Kerimai,14.66916016
2025-08-01 17:00:00,Ishikari,14.79786133
2025-08-01 17:00:00,Kerimai,14.66916016
2025-08-01 18:00:00,Ishikari,14.66916016
2025-08-01 18:00:00,Kerimai,14.54045898
2025-08-01 19:00:00,Ishikari,14.58335938
2025-08-01 19:00:00,Kerimai,14.49755859
2025-08-01 20:00:00,Ishikari,14.54045898
2025-08-01 20:00:00,Kerimai,14.41175781
2025-08-01 21:00:00,Ishikari,14.49755859
2025-08-01 21:00:00,Kerimai,14.36885742
2025-08-01 22:00:00,Ishikari,14.41175781
2025-08-01 22:00:00,Kerimai,14.28305664
2025-08-01 23:00:00,Ishikari,14.36885742
2025-08-01 23:00:00,Kerimai,14.28305664
2025-08-02 00:00:00,Ishikari,14.32595703
2025-08-02 00:00:00,Kerimai,14.24015625
2025-08-02 01:00:00,Ishikari,14.28305664
2025-08-02 01:00:00,Kerimai,14.15435547
2025-08-02 02:00:00,Ishikari,14.19725586
2025-08-02 02:00:00,Kerimai,14.11145508
2025-08-02 03:00:00,Ishikari,14.15435547
2025-08-02 03:00:00,Kerimai,14.0256543
2025-08-02 04:00:00,Ishikari,14.15435547
2025-08-02 04:00:00,Kerimai,14.0256543
2025-08-02 05:00:00,Ishikari,14.11145508
2025-08-02 05:00:00,Kerimai,13.93985352
2025-08-02 06:00:00,Ishikari,14.11145508
2025-08-02 06:00:00,Kerimai,13.93985352
2025-08-02 07:00:00,Ishikari,14.15435547
2025-08-02 07:00:00,Kerimai,14.06855469
2025-08-02 08:00:00,Ishikari,14.19725586
2025-08-02 08:00:00,Kerimai,14.06855469
2025-08-02 09:00:00,Ishikari,14.28305664
2025-08-02 09:00:00,Kerimai,14.19725586
2025-08-02 10:00:00,Ishikari,14.32595703
2025-08-02 10:00:00,Kerimai,14.24015625
2025-08-02 11:00:00,Ishikari,14.32595703
2025-08-02 11:00:00,Kerimai,14.24015625
2025-08-02 12:00:00,Ishikari,14.36885742
2025-08-02 12:00:00,Kerimai,14.28305664
2025-08-02 13:00:00,Ishikari,14.54045898
2025-08-02 13:00:00,Kerimai,14.4546582
2025-08-02 14:00:00,Ishikari,14.62625977
2025-08-02 14:00:00,Kerimai,14.58335938
2025-08-02 15:00:00,Ishikari,14.66916016
2025-08-02 15:00:00,Kerimai,14.49755859
2025-08-02 16:00:00,Ishikari,14.66916016
2025-08-02 16:00:00,Kerimai,14.54045898
2025-08-02 17:00:00,Ishikari,14.71206055
2025-08-02 17:00:00,Kerimai,14.54045898
2025-08-02 18:00:00,Ishikari,14.62625977
2025-08-02 18:00:00,Kerimai,14.41175781
2025-08-02 19:00:00,Ishikari,14.58335938
2025-08-02 19:00:00,Kerimai,14.4546582
2025-08-02 20:00:00,Ishikari,14.58335938
2025-08-02 20:00:00,Kerimai,14.41175781
2025-08-02 21:00:00,Ishikari,14.58335938
2025-08-02 21:00:00,Kerimai,14.4546582
2025-08-02 22:00:00,Ishikari,14.58335938
2025-08-02 22:00:00,Kerimai,14.49755859
2025-08-02 23:00:00,Ishikari,14.54045898
2025-08-02 23:00:00,Kerimai,14.36885742
2025-08-03 00:00:00,Ishikari,14.4546582
2025-08-03 00:00:00,Kerimai,14.32595703
2025-08-03 01:00:00,Ishikari,14.41175781
2025-08-03 01:00:00,Kerimai,14.28305664
2025-08-03 02:00:00,Ishikari,14.32595703
2025-08-03 02:00:00,Kerimai,14.15435547
2025-08-03 03:00:00,Ishikari,14.24015625
2025-08-03 03:00:00,Kerimai,14.11145508
2025-08-03 04:00:00,Ishikari,14.19725586
2025-08-03 04:00:00,Kerimai,14.0256543
2025-08-03 05:00:00,Ishikari,14.15435547
2025-08-03 05:00:00,Kerimai,13.93985352
2025-08-03 06:00:00,Ishikari,14.19725586
2025-08-03 06:00:00,Kerimai,13.98275391
2025-08-03 07:00:00,Ishikari,14.24015625
2025-08-03 07:00:00,Kerimai,14.11145508
2025-08-03 08:00:00,Ishikari,14.32595703
2025-08-03 08:00:00,Kerimai,14.19725586
2025-08-03 09:00:00,Ishikari,14.4546582
2025-08-03 09:00:00,Kerimai,14.36885742
2025-08-03 10:00:00,Ishikari,14.66916016
2025-08-03 10:00:00,Kerimai,14.58335938
2025-08-03 11:00:00,Ishikari,14.75496094
2025-08-03 11:00:00,Kerimai,14.66916016
2025-08-03 12:00:00,Ishikari,14.9265625
2025-08-03 12:00:00,Kerimai,14.75496094
2025-08-03 13:00:00,Ishikari,14.96946289
2025-08-03 13:00:00,Kerimai,14.88366211
2025-08-03 14:00:00,Ishikari,14.96946289
2025-08-03 14:00:00,Kerimai,14.84076172
2025-08-03 15:00:00,Ishikari,14.9265625
2025-08-03 15:00:00,Kerimai,14.79786133
2025-08-03 16:00:00,Ishikari,14.9265625
2025-08-03 16:00:00,Kerimai,14.75496094
2025-08-03 17:00:00,Ishikari,14.96946289
2025-08-03 17:00:00,Kerimai,14.84076172
2025-08-03 18:00:00,Ishikari,14.88366211
2025-08-03 18:00:00,Kerimai,14.66916016
2025-08-03 19:00:00,Ishikari,14.71206055
2025-08-03 19:00:00,Kerimai,14.54045898
2025-08-03 20:00:00,Ishikari,14.62625977
2025-08-03 20:00:00,Kerimai,14.49755859
2025-08-03 21:00:00,Ishikari,14.54045898
2025-08-03 21:00:00,Kerimai,14.41175781
2025-08-03 22:00:00,Ishikari,14.49755859
2025-08-03 22:00:00,Kerimai,14.41175781
2025-08-03 23:00:00,Ishikari,14.41175781
2025-08-03 23:00:00,Kerimai,14.28305664
2025-08-04 00:00:00,Ishikari,14.36885742
2025-08-04 00:00:00,Kerimai,14.24015625
2025-08-04 01:00:00,Ishikari,14.28305664
2025-08-04 01:00:00,Kerimai,14.19725586
2025-08-04 02:00:00,Ishikari,14.24015625
2025-08-04 02:00:00,Kerimai,14.0256543
2025-08-04 03:00:00,Ishikari,14.06855469
2025-08-04 03:00:00,Kerimai,13.93985352
2025-08-04 04:00:00,Ishikari,14.0256543
2025-08-04 04:00:00,Kerimai,13.85405273
2025-08-04 05:00:00,Ishikari,14.11145508
2025-08-04 05:00:00,Kerimai,13.85405273
2025-08-04 06:00:00,Ishikari,14.0256543
2025-08-04 06:00:00,Kerimai,13.85405273
2025-08-04 07:00:00,Ishikari,14.06855469
2025-08-04 07:00:00,Kerimai,13.98275391
2025-08-04 08:00:00,Ishikari,14.11145508
2025-08-04 08:00:00,Kerimai,13.93985352
2025-08-04 09:00:00,Ishikari,14.24015625
2025-08-04 09:00:00,Kerimai,14.0256543
2025-08-04 10:00:00,Ishikari,14.24015625
2025-08-04 10:00:00,Kerimai,14.11145508
2025-08-04 11:00:00,Ishikari,14.15435547
2025-08-04 11:00:00,Kerimai,13.98275391
2025-08-04 12:00:00,Ishikari,14.15435547
2025-08-04 12:00:00,Kerimai,14.0256543
2025-08-04 13:00:00,Ishikari,14.19725586
2025-08-04 13:00:00,Kerimai,14.0256543
2025-08-04 14:00:00,Ishikari,14.19725586
2025-08-04 14:00:00,Kerimai,14.0256543
2025-08-04 15:00:00,Ishikari,14.24015625
2025-08-04 15:00:00,Kerimai,14.0256543
2025-08-04 16:00:00,Ishikari,14.24015625
2025-08-04 16:00:00,Kerimai,14.0256543
2025-08-04 17:00:00,Ishikari,14.28305664
2025-08-04 17:00:00,Kerimai,14.06855469
2025-08-04 18:00:00,Ishikari,14.15435547
2025-08-04 18:00:00,Kerimai,13.98275391
2025-08-04 19:00:00,Ishikari,14.15435547
2025-08-04 19:00:00,Kerimai,13.93985352
2025-08-04 20:00:00,Ishikari,14.11145508
2025-08-04 20:00:00,Kerimai,13.93985352
2025-08-04 21:00:00,Ishikari,14.06855469
2025-08-04 21:00:00,Kerimai,13.85405273
2025-08-04 22:00:00,Ishikari,14.0256543
2025-08-04 22:00:00,Kerimai,13.85405273
2025-08-04 23:00:00,Ishikari,14.0256543
2025-08-04 23:00:00,Kerimai,13.81115234
2025-08-05 00:00:00,Ishikari,13.98275391
2025-08-05 00:00:00,Kerimai,13.85405273
2025-08-05 01:00:00,Ishikari,13.98275391
2025-08-05 01:00:00,Kerimai,13.72535156
2025-08-05 02:00:00,Ishikari,13.85405273
2025-08-05 02:00:00,Kerimai,13.68245117
2025-08-05 03:00:00,Ishikari,13.89695313
2025-08-05 03:00:00,Kerimai,13.76825195
2025-08-05 04:00:00,Ishikari,13.93985352
2025-08-05 04:00:00,Kerimai,13.85405273
2025-08-05 05:00:00,Ishikari,13.98275391
2025-08-05 05:00:00,Kerimai,13.89695313
2025-08-05 06:00:00,Ishikari,14.06855469
2025-08-05 06:00:00,Kerimai,13.98275391
2025-08-05 07:00:00,Ishikari,14.15435547
2025-08-05 07:00:00,Kerimai,14.06855469
2025-08-05 08:00:00,Ishikari,14.28305664
2025-08-05 08:00:00,Kerimai,14.11145508
2025-08-05 09:00:00,Ishikari,14.28305664
2025-08-05 09:00:00,Kerimai,14.11145508
2025-08-05 10:00:00,Ishikari,14.41175781
2025-08-05 10:00:00,Kerimai,14.28305664
2025-08-05 11:00:00,Ishikari,14.49755859
2025-08-05 11:00:00,Kerimai,14.41175781
2025-08-05 12:00:00,Ishikari,14.49755859
2025-08-05 12:00:00,Kerimai,14.36885742
2025-08-05 13:00:00,Ishikari,14.62625977
2025-08-05 13:00:00,Kerimai,14.49755859
2025-08-05 14:00:00,Ishikari,14.66916016
2025-08-05 14:00:00,Kerimai,14.54045898
2025-08-05 15:00:00,Ishikari,14.66916016
2025-08-05 15:00:00,Kerimai,14.49755859
2025-08-05 16:00:00,Ishikari,14.62625977
2025-08-05 16:00:00,Kerimai,14.4546582
2025-08-05 17:00:00,Ishikari,14.58335938
2025-08-05 17:00:00,Kerimai,14.4546582
2025-08-05 18:00:00,Ishikari,14.49755859
2025-08-05 18:00:00,Kerimai,14.32595703
2025-08-05 19:00:00,Ishikari,14.41175781
2025-08-05 19:00:00,Kerimai,14.28305664
2025-08-05 20:00:00,Ishikari,14.32595703
2025-08-05 20:00:00,Kerimai,14.11145508
2025-08-05 21:00:00,Ishikari,14.24015625
2025-08-05 21:00:00,Kerimai,14.0256543
2025-08-05 22:00:00,Ishikari,14.19725586
2025-08-05 22:00:00,Kerimai,14.06855469
2025-08-05 23:00:00,Ishikari,14.11145508
2025-08-05 23:00:00,Kerimai,13.93985352
2025-08-06 00:00:00,Ishikari,14.06855469
2025-08-06 00:00:00,Kerimai,13.89695313
2025-08-06 01:00:00,Ishikari,13.98275391
2025-08-06 01:00:00,Kerimai,13.76825195
2025-08-06 02:00:00,Ishikari,13.93985352
2025-08-06 02:00:00,Kerimai,13.76825195
2025-08-06 03:00:00,Ishikari,13.98275391
2025-08-06 03:00:00,Kerimai,13.76825195
2025-08-06 04:00:00,Ishikari,13.89695313
2025-08-06 04:00:00,Kerimai,13.72535156
2025-08-06 05:00:00,Ishikari,13.85405273
2025-08-06 05:00:00,Kerimai,13.63955078
2025-08-06 06:00:00,Ishikari,13.81115234
2025-08-06 06:00:00,Kerimai,13.68245117
2025-08-06 07:00:00,Ishikari,13.89695313
2025-08-06 07:00:00,Kerimai,13.72535156
2025-08-06 08:00:00,Ishikari,13.85405273
2025-08-06 08:00:00,Kerimai,13.76825195
2025-08-06 09:00:00,Ishikari,13.85405273
2025-08-06 09:00:00,Kerimai,13.76825195
2025-08-06 10:00:00,Ishikari,13.93985352
2025-08-06 10:00:00,Kerimai,13.76825195
2025-08-06 11:00:00,Ishikari,14.0256543
2025-08-06 11:00:00,Kerimai,13.89695313
2025-08-06 12:00:00,Ishikari,14.0256543
2025-08-06 12:00:00,Kerimai,13.85405273
2025-08-06 13:00:00,Ishikari,14.0256543
2025-08-06 13:00:00,Kerimai,13.89695313
2025-08-06 14:00:00,Ishikari,14.15435547
2025-08-06 14:00:00,Kerimai,14.0256543
2025-08-06 15:00:00,Ishikari,14.24015625
2025-08-06 15:00:00,Kerimai,14.11145508
2025-08-06 16:00:00,Ishikari,14.24015625
2025-08-06 16:00:00,Kerimai,14.15435547
2025-08-06 17:00:00,Ishikari,14.28305664
2025-08-06 17:00:00,Kerimai,14.19725586
2025-08-06 18:00:00,Ishikari,14.32595703
2025-08-06 18:00:00,Kerimai,14.19725586
2025-08-06 19:00:00,Ishikari,14.28305664
2025-08-06 19:00:00,Kerimai,14.11145508
2025-08-06 20:00:00,Ishikari,14.28305664
2025-08-06 20:00:00,Kerimai,14.11145508
2025-08-06 21:00:00,Ishikari,14.24015625
2025-08-06 21:00:00,Kerimai,14.06855469
2025-08-06 22:00:00,Ishikari,14.19725586
2025-08-06 22:00:00,Kerimai,14.06855469
2025-08-06 23:00:00,Ishikari,14.19725586
2025-08-06 23:00:00,Kerimai,13.98275391
2025-08-07 00:00:00,Ishikari,14.15435547
2025-08-07 00:00:00,Kerimai,13.93985352
2025-08-07 01:00:00,Ishikari,14.06855469
2025-08-07 01:00:00,Kerimai,13.85405273
2025-08-07 02:00:00,Ishikari,14.0256543
2025-08-07 02:00:00,Kerimai,13.81115234
2025-08-07 03:00:00,Ishikari,13.98275391
2025-08-07 03:00:00,Kerimai,13.81115234
2025-08-07 04:00:00,Ishikari,13.93985352
2025-08-07 04:00:00,Kerimai,13.76825195
2025-08-07 05:00:00,Ishikari,13.93985352
2025-08-07 05:00:00,Kerimai,13.81115234
2025-08-07 06:00:00,Ishikari,13.98275391
2025-08-07 06:00:00,Kerimai,13.76825195
2025-08-07 07:00:00,Ishikari,14.0256543
2025-08-07 07:00:00,Kerimai,13.81115234
2025-08-07 08:00:00,Ishikari,14.0256543
2025-08-07 08:00:00,Kerimai,13.93985352
2025-08-07 09:00:00,Ishikari,14.06855469
2025-08-07 09:00:00,Kerimai,13.89695313
2025-08-07 10:00:00,Ishikari,14.11145508
2025-08-07 10:00:00,Kerimai,13.89695313
2025-08-07 11:00:00,Ishikari,14.19725586
2025-08-07 11:00:00,Kerimai,13.98275391
2025-08-07 12:00:00,Ishikari,14.24015625
2025-08-07 12:00:00,Kerimai,14.11145508
2025-08-07 13:00:00,Ishikari,14.24015625
2025-08-07 13:00:00,Kerimai,14.06855469
2025-08-07 14:00:00,Ishikari,14.24015625
2025-08-07 14:00:00,Kerimai,14.11145508
2025-08-07 15:00:00,Ishikari,14.15435547
2025-08-07 15:00:00,Kerimai,14.06855469
2025-08-07 16:00:00,Ishikari,14.19725586
2025-08-07 16:00:00,Kerimai,14.06855469
2025-08-07 17:00:00,Ishikari,14.24015625
2025-08-07 17:00:00,Kerimai,14.06855469
2025-08-07 18:00:00,Ishikari,14.19725586
2025-08-07 18:00:00,Kerimai,14.06855469
2025-08-07 19:00:00,Ishikari,14.19725586
2025-08-07 19:00:00,Kerimai,14.06855469
2025-08-07 20:00:00,Ishikari,14.11145508
2025-08-07 20:00:00,Kerimai,14.06855469
2025-08-07 21:00:00,Ishikari,14.19725586
2025-08-07 21:00:00,Kerimai,14.19725586
2025-08-07 22:00:00,Ishikari,14.28305664
2025-08-07 22:00:00,Kerimai,14.19725586
2025-08-07 23:00:00,Ishikari,14.24015625
2025-08-07 23:00:00,Kerimai,14.15435547
2025-08-08 00:00:00,Ishikari,14.19725586
2025-08-08 00:00:00,Kerimai,14.19725586
2025-08-08 01:00:00,Ishikari,14.19725586
2025-08-08 01:00:00,Kerimai,14.06855469
2025-08-08 02:00:00,Ishikari,14.15435547
2025-08-08 02:00:00,Kerimai,14.0256543
2025-08-08 03:00:00,Ishikari,14.11145508
2025-08-08 03:00:00,Kerimai,13.98275391
2025-08-08 04:00:00,Ishikari,14.0256543
2025-08-08 04:00:00,Kerimai,13.98275391
2025-08-08 05:00:00,Ishikari,14.0256543
2025-08-08 05:00:00,Kerimai,13.93985352
2025-08-08 06:00:00,Ishikari,14.0256543
2025-08-08 06:00:00,Kerimai,13.89695313
2025-08-08 07:00:00,Ishikari,14.06855469
2025-08-08 07:00:00,Kerimai,13.98275391
2025-08-08 08:00:00,Ishikari,14.11145508
2025-08-08 08:00:00,Kerimai,13.93985352
2025-08-08 09:00:00,Ishikari,13.98275391
2025-08-08 09:00:00,Kerimai,13.81115234
2025-08-08 10:00:00,Ishikari,13.98275391
2025-08-08 10:00:00,Kerimai,13.93985352
2025-08-08 11:00:00,Ishikari,14.11145508
2025-08-08 11:00:00,Kerimai,14.15435547
2025-08-08 12:00:00,Ishikari,14.32595703
2025-08-08 12:00:00,Kerimai,14.28305664
2025-08-08 13:00:00,Ishikari,14.32595703
2025-08-08 13:00:00,Kerimai,14.28305664
2025-08-08 14:00:00,Ishikari,14.32595703
2025-08-08 14:00:00,Kerimai,14.24015625
2025-08-08 15:00:00,Ishikari,14.41175781
2025-08-08 15:00:00,Kerimai,14.36885742
2025-08-08 16:00:00,Ishikari,14.54045898
2025-08-08 16:00:00,Kerimai,14.41175781
2025-08-08 17:00:00,Ishikari,14.49755859
2025-08-08 17:00:00,Kerimai,14.41175781
2025-08-08 18:00:00,Ishikari,14.49755859
2025-08-08 18:00:00,Kerimai,14.41175781
2025-08-08 19:00:00,Ishikari,14.41175781
2025-08-08 19:00:00,Kerimai,14.28305664
2025-08-08 20:00:00,Ishikari,14.28305664
2025-08-08 20:00:00,Kerimai,14.15435547
2025-08-08 21:00:00,Ishikari,14.19725586
2025-08-08 21:00:00,Kerimai,14.0256543
2025-08-08 22:00:00,Ishikari,14.15435547
2025-08-08 22:00:00,Kerimai,13.93985352
2025-08-08 23:00:00,Ishikari,14.0256543
2025-08-08 23:00:00,Kerimai,13.89695313
2025-08-09 00:00:00,Ishikari,14.0256543
2025-08-09 00:00:00,Kerimai,13.85405273
2025-08-09 01:00:00,Ishikari,13.93985352
2025-08-09 01:00:00,Kerimai,13.81115234
2025-08-09 02:00:00,Ishikari,13.89695313
2025-08-09 02:00:00,Kerimai,13.81115234
2025-08-09 03:00:00,Ishikari,13.76825195
2025-08-09 03:00:00,Kerimai,13.63955078
2025-08-09 04:00:00,Ishikari,13.72535156
2025-08-09 04:00:00,Kerimai,13.59665039
2025-08-09 05:00:00,Ishikari,13.72535156
2025-08-09 05:00:00,Kerimai,13.59665039
2025-08-09 06:00:00,Ishikari,13.72535156
2025-08-09 06:00:00,Kerimai,13.68245117
2025-08-09 07:00:00,Ishikari,13.81115234
2025-08-09 07:00:00,Kerimai,13.72535156
2025-08-09 08:00:00,Ishikari,13.98275391
2025-08-09 08:00:00,Kerimai,13.85405273
2025-08-09 09:00:00,Ishikari,14.06855469
2025-08-09 09:00:00,Kerimai,14.0256543
2025-08-09 10:00:00,Ishikari,14.19725586
2025-08-09 10:00:00,Kerimai,14.06855469
2025-08-09 11:00:00,Ishikari,14.24015625
2025-08-09 11:00:00,Kerimai,14.15435547
2025-08-09 12:00:00,Ishikari,14.28305664
2025-08-09 12:00:00,Kerimai,14.15435547
2025-08-09 13:00:00,Ishikari,14.28305664
2025-08-09 13:00:00,Kerimai,14.19725586
2025-08-09 14:00:00,Ishikari,14.28305664
2025-08-09 14:00:00,Kerimai,14.24015625
2025-08-09 15:00:00,Ishikari,14.32595703
2025-08-09 15:00:00,Kerimai,14.28305664
2025-08-09 16:00:00,Ishikari,14.32595703
2025-08-09 16:00:00,Kerimai,14.15435547
2025-08-09 17:00:00,Ishikari,14.19725586
2025-08-09 17:00:00,Kerimai,14.06855469
2025-08-09 18:00:00,Ishikari,14.24015625
2025-08-09 18:00:00,Kerimai,14.0256543
2025-08-09 19:00:00,Ishikari,14.15435547
2025-08-09 19:00:00,Kerimai,14.06855469
2025-08-09 20:00:00,Ishikari,14.11145508
2025-08-09 20:00:00,Kerimai,14.0256543
2025-08-09 21:00:00,Ishikari,14.11145508
2025-08-09 21:00:00,Kerimai,14.0256543
2025-08-09 22:00:00,Ishikari,14.06855469
2025-08-09 22:00:00,Kerimai,13.98275391
2025-08-09 23:00:00,Ishikari,14.06855469
2025-08-09 23:00:00,Kerimai,13.89695313
2025-08-10 00:00:00,Ishikari,14.0256543
2025-08-10 00:00:00,Kerimai,13.89695313
2025-08-10 01:00:00,Ishikari,14.0256543
2025-08-10 01:00:00,Kerimai,13.85405273
2025-08-10 02:00:00,Ishikari,13.98275391
2025-08-10 02:00:00,Kerimai,13.81115234
2025-08-10 03:00:00,Ishikari,13.85405273
2025-08-10 03:00:00,Kerimai,13.81115234
2025-08-10 04:00:00,Ishikari,13.85405273
2025-08-10 04:00:00,Kerimai,13.72535156
2025-08-10 05:00:00,Ishikari,13.89695313
2025-08-10 05:00:00,Kerimai,13.72535156
2025-08-10 06:00:00,Ishikari,13.89695313
2025-08-10 06:00:00,Kerimai,13.81115234
2025-08-10 07:00:00,Ishikari,13.93985352
2025-08-10 07:00:00,Kerimai,13.72535156
2025-08-10 08:00:00,Ishikari,13.93985352
2025-08-10 08:00:00,Kerimai,13.81115234
2025-08-10 09:00:00,Ishikari,14.0256543
2025-08-10 09:00:00,Kerimai,13.98275391
2025-08-10 10:00:00,Ishikari,14.11145508
2025-08-10 10:00:00,Kerimai,14.0256543
2025-08-10 11:00:00,Ishikari,14.19725586
2025-08-10 11:00:00,Kerimai,14.11145508
2025-08-10 12:00:00,Ishikari,14.19725586
2025-08-10 12:00:00,Kerimai,14.11145508
2025-08-10 13:00:00,Ishikari,14.15435547
2025-08-10 13:00:00,Kerimai,14.11145508
2025-08-10 14:00:00,Ishikari,14.24015625
2025-08-10 14:00:00,Kerimai,14.24015625
2025-08-10 15:00:00,Ishikari,14.28305664
2025-08-10 15:00:00,Kerimai,14.19725586
2025-08-10 16:00:00,Ishikari,14.32595703
2025-08-10 16:00:00,Kerimai,14.19725586
2025-08-10 17:00:00,Ishikari,14.28305664
2025-08-10 17:00:00,Kerimai,14.19725586
2025-08-10 18:00:00,Ishikari,14.24015625
2025-08-10 18:00:00,Kerimai,14.15435547
2025-08-10 19:00:00,Ishikari,14.19725586
2025-08-10 19:00:00,Kerimai,14.15435547
2025-08-10 20:00:00,Ishikari,14.24015625
2025-08-10 20:00:00,Kerimai,14.06855469
2025-08-10 21:00:00,Ishikari,14.19725586
2025-08-10 21:00:00,Kerimai,14.0256543
2025-08-10 22:00:00,Ishikari,14.15435547
2025-08-10 22:00:00,Kerimai,14.06855469
2025-08-10 23:00:00,Ishikari,14.19725586
2025-08-10 23:00:00,Kerimai,14.06855469
2025-08-11 00:00:00,Ishikari,14.06855469
2025-08-11 00:00:00,Kerimai,13.98275391
2025-08-11 01:00:00,Ishikari,14.06855469
2025-08-11 01:00:00,Kerimai,13.89695313
2025-08-11 02:00:00,Ishikari,13.98275391
2025-08-11 02:00:00,Kerimai,13.89695313
2025-08-11 03:00:00,Ishikari,13.93985352
2025-08-11 03:00:00,Kerimai,13.81115234
2025-08-11 04:00:00,Ishikari,13.98275391
2025-08-11 04:00:00,Kerimai,13.85405273
2025-08-11 05:00:00,Ishikari,13.93985352
2025-08-11 05:00:00,Kerimai,13.76825195
2025-08-11 06:00:00,Ishikari,13.93985352
2025-08-11 06:00:00,Kerimai,13.81115234
2025-08-11 07:00:00,Ishikari,13.93985352
2025-08-11 07:00:00,Kerimai,13.81115234
2025-08-11 08:00:00,Ishikari,14.0256543
2025-08-11 08:00:00,Kerimai,13.89695313
2025-08-11 09:00:00,Ishikari,14.11145508
2025-08-11 09:00:00,Kerimai,14.06855469
2025-08-11 10:00:00,Ishikari,14.15435547
2025-08-11 10:00:00,Kerimai,14.11145508
2025-08-11 11:00:00,Ishikari,14.24015625
2025-08-11 11:00:00,Kerimai,14.19725586
2025-08-11 12:00:00,Ishikari,14.28305664
2025-08-11 12:00:00,Kerimai,14.24015625
2025-08-11 13:00:00,Ishikari,14.36885742
2025-08-11 13:00:00,Kerimai,14.41175781
2025-08-11 14:00:00,Ishikari,14.4546582
2025-08-11 14:00:00,Kerimai,14.4546582
2025-08-11 15:00:00,Ishikari,14.49755859
2025-08-11 15:00:00,Kerimai,14.41175781
2025-08-11 16:00:00,Ishikari,14.54045898
2025-08-11 16:00:00,Kerimai,14.4546582
2025-08-11 17:00:00,Ishikari,14.62625977
2025-08-11 17:00:00,Kerimai,14.58335938
2025-08-11 18:00:00,Ishikari,14.58335938
2025-08-11 18:00:00,Kerimai,14.54045898
2025-08-11 19:00:00,Ishikari,14.54045898
2025-08-11 19:00:00,Kerimai,14.49755859
2025-08-11 20:00:00,Ishikari,14.36885742
2025-08-11 20:00:00,Kerimai,14.36885742
2025-08-11 21:00:00,Ishikari,14.36885742
2025-08-11 21:00:00,Kerimai,14.28305664
2025-08-11 22:00:00,Ishikari,14.36885742
2025-08-11 22:00:00,Kerimai,14.28305664
2025-08-11 23:00:00,Ishikari,14.28305664
2025-08-11 23:00:00,Kerimai,14.15435547
2025-08-12 00:00:00,Ishikari,14.24015625
2025-08-12 00:00:00,Kerimai,14.15435547
2025-08-12 01:00:00,Ishikari,14.15435547
2025-08-12 01:00:00,Kerimai,14.0256543
2025-08-12 02:00:00,Ishikari,14.11145508
2025-08-12 02:00:00,Kerimai,13.98275391
2025-08-12 03:00:00,Ishikari,14.0256543
2025-08-12 03:00:00,Kerimai,13.89695313
2025-08-12 04:00:00,Ishikari,14.0256543
2025-08-12 04:00:00,Kerimai,13.89695313
2025-08-12 05:00:00,Ishikari,13.93985352
2025-08-12 05:00:00,Kerimai,13.85405273
2025-08-12 06:00:00,Ishikari,13.93985352
2025-08-12 06:00:00,Kerimai,13.85405273
2025-08-12 07:00:00,Ishikari,13.98275391
2025-08-12 07:00:00,Kerimai,13.98275391
2025-08-12 08:00:00,Ishikari,14.15435547
2025-08-12 08:00:00,Kerimai,14.06855469
2025-08-12 09:00:00,Ishikari,14.15435547
2025-08-12 09:00:00,Kerimai,14.11145508
2025-08-12 10:00:00,Ishikari,14.24015625
2025-08-12 10:00:00,Kerimai,14.19725586
2025-08-12 11:00:00,Ishikari,14.28305664
2025-08-12 11:00:00,Kerimai,14.24015625
2025-08-12 12:00:00,Ishikari,14.32595703
2025-08-12 12:00:00,Kerimai,14.28305664
2025-08-12 13:00:00,Ishikari,14.41175781
2025-08-12 13:00:00,Kerimai,14.36885742
2025-08-12 14:00:00,Ishikari,14.41175781
2025-08-12 14:00:00,Kerimai,14.32595703
2025-08-12 15:00:00,Ishikari,14.41175781
2025-08-12 15:00:00,Kerimai,14.36885742
2025-08-12 16:00:00,Ishikari,14.41175781
2025-08-12 16:00:00,Kerimai,14.36885742
2025-08-12 17:00:00,Ishikari,14.4546582
2025-08-12 17:00:00,Kerimai,14.41175781
2025-08-12 18:00:00,Ishikari,14.49755859
2025-08-12 18:00:00,Kerimai,14.4546582
2025-08-12 19:00:00,Ishikari,14.4546582
2025-08-12 19:00:00,Kerimai,14.36885742
2025-08-12 20:00:00,Ishikari,14.28305664
2025-08-12 20:00:00,Kerimai,14.11145508
2025-08-12 21:00:00,Ishikari,14.11145508
2025-08-12 21:00:00,Kerimai,13.98275391
2025-08-12 22:00:00,Ishikari,14.0256543
2025-08-12 22:00:00,Kerimai,13.93985352
2025-08-12 23:00:00,Ishikari,13.93985352
2025-08-12 23:00:00,Kerimai,13.85405273
2025-08-13 00:00:00,Ishikari,13.85405273
2025-08-13 00:00:00,Kerimai,13.76825195
2025-08-13 01:00:00,Ishikari,13.81115234
2025-08-13 01:00:00,Kerimai,13.72535156
2025-08-13 02:00:00,Ishikari,13.81115234
2025-08-13 02:00:00,Kerimai,13.68245117
2025-08-13 03:00:00,Ishikari,13.72535156
2025-08-13 03:00:00,Kerimai,13.68245117
2025-08-13 04:00:00,Ishikari,13.72535156
2025-08-13 04:00:00,Kerimai,13.59665039
2025-08-13 05:00:00,Ishikari,13.63955078
2025-08-13 05:00:00,Kerimai,13.51084961
2025-08-13 06:00:00,Ishikari,13.63955078
2025-08-13 06:00:00,Kerimai,13.55375
2025-08-13 07:00:00,Ishikari,13.72535156
2025-08-13 07:00:00,Kerimai,13.68245117
2025-08-13 08:00:00,Ishikari,13.81115234
2025-08-13 08:00:00,Kerimai,13.72535156
2025-08-13 09:00:00,Ishikari,14.0256543
2025-08-13 09:00:00,Kerimai,13.93985352
2025-08-13 10:00:00,Ishikari,14.19725586
2025-08-13 10:00:00,Kerimai,14.11145508
2025-08-13 11:00:00,Ishikari,14.32595703
2025-08-13 11:00:00,Kerimai,14.28305664
2025-08-13 12:00:00,Ishikari,14.54045898
2025-08-13 12:00:00,Kerimai,14.4546582
2025-08-13 13:00:00,Ishikari,14.71206055
2025-08-13 13:00:00,Kerimai,14.66916016
2025-08-13 14:00:00,Ishikari,14.75496094
2025-08-13 14:00:00,Kerimai,14.75496094
2025-08-13 15:00:00,Ishikari,14.79786133
2025-08-13 15:00:00,Kerimai,14.75496094
2025-08-13 16:00:00,Ishikari,14.71206055
2025-08-13 16:00:00,Kerimai,14.62625977
2025-08-13 17:00:00,Ishikari,14.79786133
2025-08-13 17:00:00,Kerimai,14.79786133
2025-08-13 18:00:00,Ishikari,14.88366211
2025-08-13 18:00:00,Kerimai,14.79786133
2025-08-13 19:00:00,Ishikari,14.75496094
2025-08-13 19:00:00,Kerimai,14.71206055
2025-08-13 20:00:00,Ishikari,14.71206055
2025-08-13 20:00:00,Kerimai,14.58335938
2025-08-13 21:00:00,Ishikari,14.66916016
2025-08-13 21:00:00,Kerimai,14.58335938
2025-08-13 22:00:00,Ishikari,14.54045898
2025-08-13 22:00:00,Kerimai,14.4546582
2025-08-13 23:00:00,Ishikari,14.54045898
2025-08-13 23:00:00,Kerimai,14.4546582
2025-08-14 00:00:00,Ishikari,14.4546582
2025-08-14 00:00:00,Kerimai,14.41175781
2025-08-14 01:00:00,Ishikari,14.36885742
2025-08-14 01:00:00,Kerimai,14.24015625
2025-08-14 02:00:00,Ishikari,14.32595703
2025-08-14 02:00:00,Kerimai,14.15435547
2025-08-14 03:00:00,Ishikari,14.19725586
2025-08-14 03:00:00,Kerimai,14.06855469
2025-08-14 04:00:00,Ishikari,14.15435547
2025-08-14 04:00:00,Kerimai,14.0256543
2025-08-14 05:00:00,Ishikari,14.15435547
2025-08-14 05:00:00,Kerimai,14.06855469
2025-08-14 06:00:00,Ishikari,14.11145508
2025-08-14 06:00:00,Kerimai,14.11145508
2025-08-14 07:00:00,Ishikari,14.15435547
2025-08-14 07:00:00,Kerimai,14.06855469
2025-08-14 08:00:00,Ishikari,14.19725586
2025-08-14 08:00:00,Kerimai,14.24015625
2025-08-14 09:00:00,Ishikari,14.36885742
2025-08-14 09:00:00,Kerimai,14.28305664
2025-08-14 10:00:00,Ishikari,14.49755859
2025-08-14 10:00:00,Kerimai,14.49755859
2025-08-14 11:00:00,Ishikari,14.58335938
2025-08-14 11:00:00,Kerimai,14.54045898
2025-08-14 12:00:00,Ishikari,15.09816406
2025-08-14 12:00:00,Kerimai,15.22686523
2025-08-14 13:00:00,Ishikari,15.3984668
2025-08-14 13:00:00,Kerimai,15.44136719
2025-08-14 14:00:00,Ishikari,15.52716797
2025-08-14 14:00:00,Kerimai,15.52716797
2025-08-14 15:00:00,Ishikari,15.69876953
2025-08-14 15:00:00,Kerimai,15.65586914
2025-08-14 16:00:00,Ishikari,15.65586914
2025-08-14 16:00:00,Kerimai,15.61296875
2025-08-14 17:00:00,Ishikari,15.52716797
2025-08-14 17:00:00,Kerimai,15.3984668
2025-08-14 18:00:00,Ishikari,15.44136719
2025-08-14 18:00:00,Kerimai,15.35556641
2025-08-14 19:00:00,Ishikari,15.35556641
2025-08-14 19:00:00,Kerimai,15.22686523
2025-08-14 20:00:00,Ishikari,15.31266602
2025-08-14 20:00:00,Kerimai,15.22686523
2025-08-14 21:00:00,Ishikari,15.31266602
2025-08-14 21:00:00,Kerimai,15.18396484
2025-08-14 22:00:00,Ishikari,15.26976563
2025-08-14 22:00:00,Kerimai,15.18396484
2025-08-14 23:00:00,Ishikari,15.22686523
2025-08-14 23:00:00,Kerimai,15.18396484
2025-08-15 00:00:00,Ishikari,15.14106445
2025-08-15 00:00:00,Kerimai,15.14106445
2025-08-15 01:00:00,Ishikari,15.05526367
2025-08-15 01:00:00,Kerimai,15.01236328
2025-08-15 02:00:00,Ishikari,15.09816406
2025-08-15 02:00:00,Kerimai,15.01236328
2025-08-15 03:00:00,Ishikari,15.05526367
2025-08-15 03:00:00,Kerimai,15.01236328
2025-08-15 04:00:00,Ishikari,15.01236328
2025-08-15 04:00:00,Kerimai,15.05526367
2025-08-15 05:00:00,Ishikari,15.09816406
2025-08-15 05:00:00,Kerimai,15.05526367
2025-08-15 06:00:00,Ishikari,15.09816406
2025-08-15 06:00:00,Kerimai,15.09816406
2025-08-15 07:00:00,Ishikari,15.26976563
2025-08-15 07:00:00,Kerimai,15.26976563
2025-08-15 08:00:00,Ishikari,15.44136719
2025-08-15 08:00:00,Kerimai,15.44136719
2025-08-15 09:00:00,Ishikari,15.57006836
2025-08-15 09:00:00,Kerimai,15.52716797
2025-08-15 10:00:00,Ishikari,15.65586914
2025-08-15 10:00:00,Kerimai,15.57006836
2025-08-15 11:00:00,Ishikari,15.87037109
2025-08-15 11:00:00,Kerimai,15.87037109
2025-08-15 12:00:00,Ishikari,15.61296875
2025-08-15 12:00:00,Kerimai,15.52716797
2025-08-15 13:00:00,Ishikari,15.52716797
2025-08-15 13:00:00,Kerimai,15.3984668
2025-08-15 14:00:00,Ishikari,15.44136719
2025-08-15 14:00:00,Kerimai,15.31266602
2025-08-15 15:00:00,Ishikari,15.44136719
2025-08-15 15:00:00,Kerimai,15.35556641
2025-08-15 16:00:00,Ishikari,15.44136719
2025-08-15 16:00:00,Kerimai,15.3984668
2025-08-15 17:00:00,Ishikari,15.87037109
2025-08-15 17:00:00,Kerimai,15.87037109
2025-08-15 18:00:00,Ishikari,15.8274707
2025-08-15 18:00:00,Kerimai,15.8274707
2025-08-15 19:00:00,Ishikari,15.69876953
2025-08-15 19:00:00,Kerimai,15.57006836
2025-08-15 20:00:00,Ishikari,15.57006836
2025-08-15 20:00:00,Kerimai,15.48426758
2025-08-15 21:00:00,Ishikari,15.44136719
2025-08-15 21:00:00,Kerimai,15.35556641
2025-08-15 22:00:00,Ishikari,15.3984668
2025-08-15 22:00:00,Kerimai,15.31266602
2025-08-15 23:00:00,Ishikari,15.26976563
2025-08-15 23:00:00,Kerimai,15.22686523
2025-08-16 00:00:00,Ishikari,15.22686523
2025-08-16 00:00:00,Kerimai,15.14106445
2025-08-16 01:00:00,Ishikari,15.14106445
2025-08-16 01:00:00,Kerimai,15.14106445
2025-08-16 02:00:00,Ishikari,15.05526367
2025-08-16 02:00:00,Kerimai,14.96946289
2025-08-16 03:00:00,Ishikari,15.01236328
2025-08-16 03:00:00,Kerimai,14.88366211
2025-08-16 04:00:00,Ishikari,14.9265625
2025-08-16 04:00:00,Kerimai,14.79786133
2025-08-16 05:00:00,Ishikari,14.84076172
2025-08-16 05:00:00,Kerimai,14.75496094
2025-08-16 06:00:00,Ishikari,14.88366211
2025-08-16 06:00:00,Kerimai,14.71206055
2025-08-16 07:00:00,Ishikari,14.88366211
2025-08-16 07:00:00,Kerimai,14.88366211
2025-08-16 08:00:00,Ishikari,15.01236328
2025-08-16 08:00:00,Kerimai,15.01236328
2025-08-16 09:00:00,Ishikari,15.09816406
2025-08-16 09:00:00,Kerimai,15.14106445
2025-08-16 10:00:00,Ishikari,15.22686523
2025-08-16 10:00:00,Kerimai,15.18396484
2025-08-16 11:00:00,Ishikari,15.31266602
2025-08-16 11:00:00,Kerimai,15.26976563
2025-08-16 12:00:00,Ishikari,15.44136719
2025-08-16 12:00:00,Kerimai,15.44136719
2025-08-16 13:00:00,Ishikari,15.57006836
2025-08-16 13:00:00,Kerimai,15.57006836
2025-08-16 14:00:00,Ishikari,15.57006836
2025-08-16 14:00:00,Kerimai,15.57006836
2025-08-16 15:00:00,Ishikari,15.57006836
2025-08-16 15:00:00,Kerimai,15.52716797
2025-08-16 16:00:00,Ishikari,15.52716797
2025-08-16 16:00:00,Kerimai,15.48426758
2025-08-16 17:00:00,Ishikari,15.52716797
2025-08-16 17:00:00,Kerimai,15.44136719
2025-08-16 18:00:00,Ishikari,15.52716797
2025-08-16 18:00:00,Kerimai,15.44136719
2025-08-16 19:00:00,Ishikari,15.48426758
2025-08-16 19:00:00,Kerimai,15.44136719
2025-08-16 20:00:00,Ishikari,15.44136719
2025-08-16 20:00:00,Kerimai,15.35556641
2025-08-16 21:00:00,Ishikari,15.35556641
2025-08-16 21:00:00,Kerimai,15.26976563
2025-08-16 22:00:00,Ishikari,15.31266602
2025-08-16 22:00:00,Kerimai,15.26976563
2025-08-16 23:00:00,Ishikari,15.26976563
2025-08-16 23:00:00,Kerimai,15.26976563
2025-08-17 00:00:00,Ishikari,15.22686523
2025-08-17 00:00:00,Kerimai,15.14106445
2025-08-17 01:00:00,Ishikari,15.18396484
2025-08-17 01:00:00,Kerimai,15.05526367
2025-08-17 02:00:00,Ishikari,15.09816406
2025-08-17 02:00:00,Kerimai,15.05526367
2025-08-17 03:00:00,Ishikari,15.01236328
2025-08-17 03:00:00,Kerimai,14.96946289
2025-08-17 04:00:00,Ishikari,14.96946289
2025-08-17 04:00:00,Kerimai,14.9265625
2025-08-17 05:00:00,Ishikari,14.96946289
2025-08-17 05:00:00,Kerimai,14.9265625
2025-08-17 06:00:00,Ishikari,14.96946289
2025-08-17 06:00:00,Kerimai,14.9265625
2025-08-17 07:00:00,Ishikari,15.01236328
2025-08-17 07:00:00,Kerimai,14.96946289
2025-08-17 08:00:00,Ishikari,15.09816406
2025-08-17 08:00:00,Kerimai,14.96946289
