population,trial,date,start_time,end_time,CTmax,SL,BW,condition
Kerimai,1,2025-08-13,11:16:00,12:17:00,31.34,98,13.7,-0.018352221453631048
Kerimai,1,2025-08-13,11:16:00,12:18:00,31.47,94,11.7,-0.055005889062165726
Ishikari,2,2025-08-13,12:55:00,13:57:00,31.62,71,5.1,-0.06953397054402394
Ishikari,2,2025-08-13,12:55:00,13:57:00,31.72,111,16.2,-0.21287291376596046
Kerimai,3,2025-08-13,14:27:00,15:23:00,30.33,145,45.4,0.04079803805833411
Kerimai,3,2025-08-13,14:27:00,15:24:00,30.75,113,20.9,-0.01005171669117529
Kerimai,3,2025-08-13,14:27:00,15:25:00,30.8,94,12.7,0.027007262598670548
Ishikari,4,2025-08-13,15:55:00,16:55:00,30.92,99,13.8,-0.04059503586269914
Ishikari,4,2025-08-13,15:55:00,16:55:00,31.1,84,8.5,-0.04752593300819729
Ishikari,4,2025-08-13,15:55:00,16:58:00,31.78,80,7.6,-0.017598203262026903
Kerimai,5,2025-08-13,17:27:00,18:29:00,31.19,116,17.3,-0.27527145822683147
Kerimai,5,2025-08-13,17:27:00,18:31:00,31.53,137,38.3,0.03573096840419805
Kerimai,5,2025-08-13,17:27:00,18:32:00,31.97,135,36.1,0.019328517530493812
Ishikari,6,2025-08-13,18:58:00,20:03:00,31.95,98,15.7,0.11791265806655746
Ishikari,6,2025-08-13,18:58:00,20:04:00,32.01,101,15.6,0.02386016709739594
Kerimai,7,2025-08-14,08:16:00,09:16:00,30.9,104,19.3,0.1515977651431994
Kerimai,7,2025-08-14,08:16:00,09:16:00,30.97,103,18,0.10995410499123537
Kerimai,7,2025-08-14,08:16:00,09:17:00,31.24,116,18.6,-0.20281637901140906
Ishikari,8,2025-08-14,09:42:00,10:42:00,31.26,116,27,0.1698589062737643
Ishikari,8,2025-08-14,09:42:00,10:43:00,31.53,78,6.6,-0.08507137533188229
Ishikari,8,2025-08-14,09:42:00,10:44:00,31.74,70,5.3,0.010170718623905778
Kerimai,9,2025-08-14,11:09:00,12:12:00,31.6,110,20.5,0.04885094628542353
Kerimai,9,2025-08-14,11:09:00,12:13:00,31.92,171,72.6,0.030757161529519135
Kerimai,9,2025-08-14,11:09:00,12:14:00,31.98,98,16.5,0.16761232661883005
Ishikari,10,2025-08-14,12:40:00,13:42:00,31.42,97,13.6,0.004140041306300613
Ishikari,10,2025-08-14,12:40:00,13:44:00,31.9,88,10,-0.020252739606489586
Ishikari,10,2025-08-14,12:40:00,13:45:00,32.23,73,6,0.012222570016133265
Kerimai,11,2025-08-14,14:10:00,15:09:00,30.69,99,14.5,0.008885021400670426
Kerimai,11,2025-08-14,14:10:00,15:10:00,30.88,98,14.8,0.05887912648236445
Kerimai,11,2025-08-14,14:10:00,15:13:00,31.78,132,34.9,0.050856894779144964
Ishikari,12,2025-08-14,15:39:00,16:41:00,31.67,125,29.6,0.044555696258892954
Ishikari,12,2025-08-14,15:39:00,16:42:00,31.76,91,11.8,0.04780254932412303
Ishikari,12,2025-08-14,15:39:00,16:42:00,31.84,78,6.9,-0.04061961276104824
Kerimai,13,2025-08-16,08:28:00,09:26:00,30.42,84,9.4,0.053117592771490314
Kerimai,13,2025-08-16,08:28:00,09:26:00,30.52,115,20.5,-0.0803818423886762
Kerimai,13,2025-08-16,08:28:00,09:29:00,31.12,128,30.9,0.01858743237570894
Ishikari,14,2025-08-16,09:55:00,10:54:00,31.24,96,14.3,0.08445709214124926
Ishikari,14,2025-08-16,09:55:00,10:58:00,32.16,97,13.5,-0.003240065991322115
Kerimai,15,2025-08-16,11:22:00,12:20:00,30.57,110,18.7,-0.04305041599839809
Kerimai,15,2025-08-16,11:22:00,12:20:00,30.67,108,18.4,-0.005877575934997718
Kerimai,15,2025-08-16,11:22:00,12:20:00,30.75,81,7.5,-0.0669589136042947
Ishikari,16,2025-08-16,12:50:00,13:50:00,31.34,88,10.1,-0.01030240875332171
Ishikari,16,2025-08-16,12:50:00,13:52:00,31.84,77,7.4,0.06685251622973294
Ishikari,16,2025-08-16,12:50:00,13:53:00,32.07,69,5.4,0.07069463869897191
Kerimai,17,2025-08-16,14:18:00,15:13:00,30.3,125,27.4,-0.032675651677097114
Kerimai,17,2025-08-16,14:18:00,15:15:00,30.73,124,25.2,-0.09302306675867349
Kerimai,17,2025-08-16,14:18:00,15:16:00,30.87,130,30.1,-0.052718266271213884
Ishikari,18,2025-08-16,15:41:00,16:44:00,31.56,54,2.3,-0.07016070938275178
Ishikari,18,2025-08-16,15:41:00,16:46:00,32.09,71,6.1,0.10951426090496136
Ishikari,18,2025-08-16,15:41:00,16:46:00,32.21,84,9.4,0.053117592771490314
Kerimai,19,2025-08-16,17:11:00,18:14:00,31.4,134,35.9,0.03538835612201092
Kerimai,19,2025-08-16,17:11:00,18:14:00,31.46,60,3.2,-0.04622933434525285
Ishikari,20,2025-08-17,09:51:00,10:57:00,31.66,86,9.4,-0.015291658590868465
Ishikari,20,2025-08-17,09:51:00,10:57:00,31.77,86,10,0.046583745127219064
Ishikari,20,2025-08-17,09:51:00,10:58:00,32.12,98,13.3,-0.04798401905999653
Kerimai,21,2025-08-17,11:22:00,12:18:00,30.71,124,25.2,-0.09302306675867349
Kerimai,21,2025-08-17,11:22:00,12:19:00,30.97,134,35.5,0.024183757109147837
Kerimai,21,2025-08-17,11:22:00,12:20:00,31.12,103,15.7,-0.026756940550666908
Kerimai,22,2025-08-17,12:44:00,13:39:00,30.35,108,20.8,0.11672474615733475
Kerimai,22,2025-08-17,12:44:00,13:44:00,31.42,122,26.8,0.015808372575509315
Kerimai,22,2025-08-17,12:44:00,13:44:00,31.58,103,14.7,-0.09257015912023858
